title,price,sales,rank,brand
左颜右色微酸洗面奶男士专用氨基酸洁面乳控油祛痘去黑头护肤品套,59,30000,9,左颜右色
左颜右色益生菌洗面奶男士氨基酸洁面乳驱螨控油清洁祛净痘护肤品,69,1000,294,左颜右色
自然堂男士喜马拉雅龙血控油醒肤洁面乳清洁控油清爽洁面,48,1000,294,自然堂
日本资生堂洗面奶女珊珂洗颜专科洁面乳男清洁控油补水保湿旗舰店,42,10000,19,资生堂
资生堂uno洗面奶男士专用控油祛痘补水保湿去黑头洁面乳吾诺正品,17,10000,19,资生堂
资生堂uno洗面奶男士专用祛痘控油女深层清洁去黑头吾诺洁面正品,15,5000,103,资生堂
资生堂男士洗面奶洁面乳膏清爽控油洁净补水125ml,200,4000,132,资生堂
日本资生堂uno吾诺男士专用深层清洁控油保湿洗面奶去黑头旗舰店,17,4000,132,资生堂
【自营】资生堂男士洗面奶125ml洁面保湿不紧绷控油补水正品男生,125,3000,165,资生堂
资生堂uno洗面奶男士专用控油祛痘去黑头洁面乳秋冬官方正品旗舰,38,3000,165,资生堂
【会员感恩节】资生堂洗面奶男士专用洁面膏清爽净肤清洁洁面乳,200,2000,212,资生堂
资生堂UNO洗面奶男士专用吾诺祛痘控油保湿去黑头泡沫洁面乳正品,38,2000,212,资生堂
日本资生堂洗面奶女珊珂洗颜专科洁面乳男士控油清洁毛孔补水保湿,26,2000,212,资生堂
日本资生堂洗颜专科洗面奶男皂基深层清洁珊珂卸妆洁面乳女旗舰店,42,1000,294,资生堂
日本洗颜专科洗面奶女男士珊珂泡沫洁面乳学生保湿控油深层清洁,19,1000,294,资生堂
水杨酸氨基酸洗面奶旗舰店官方正品控油祛痘印清洁毛孔男士女专用,37,2000,212,资莱皙
山茶花氨基酸洗面奶控油深层清洁收缩毛孔正品男女专用洁面乳慕斯,13,5000,103,资葆
卓沿白金舒润洗面奶干皮泡沫洁面慕斯乳洁颜男女清洁护肤品,49,1000,294,卓沿
真丽斯氨基酸洁面慕斯泡沫洗面奶男女士敏感肌温和洁面去油保湿,69,8000,64,真丽斯
真丽斯洗面奶氨基酸洁面慕斯泡沫控油深层清洁保湿温和干油皮男女,29,2000,212,真丽斯
绽妍洗面奶 氨基酸洁面慕斯 泡沫绵密 补水保湿 温和清洁敏肌男女,47,4000,132,绽妍
叶绿素氨基酸洗面奶乳去黑头收缩毛孔控油深层清洁男女士专用正品,10,3000,165,泽丽茵
云木颜氨基酸洗面奶深层清洁女男补水保湿清爽温和学生党,39,3000,165,云木颜
悦诗风吟洗面奶女男士专用氨基酸绿茶控油深层清洁毛孔洁面乳正品,29,7000,75,悦诗风吟
innisfree/悦诗风吟升级绿茶精粹洗面奶控油保湿氨基酸绿茶洁面,50,2000,212,悦诗风吟
innisfree/悦诗风吟绿茶泡沫洁面乳男女士控油深层清洁毛孔洗面奶,26,2000,212,悦诗风吟
innisfree/悦诗风吟男女泡沫洗面奶绿茶控油氨基酸洁面乳膏350ml,75,1000,294,悦诗风吟
innisfree悦诗风吟绿茶洗面奶男士专用清洁毛孔控油泡沫洁面乳女,24,1000,294,悦诗风吟
【现货速达】悦木之源白胖子洁面慕斯男女温和泡沫氨基酸洗面奶,230,5000,103,悦木之源
【现货速达】悦木之源白胖子洁面慕斯男女温和氨基酸洗面奶,230,4000,132,悦木之源
悦芙媞洁颜蜜氨基酸洁面油皮洗面奶女清洁毛孔去油洗卸合一男女,69,30000,9,悦芙媞
悦芙媞氨基酸洁颜蜜洁面油皮洗面奶清洁毛孔清爽去油洗卸合一男女,119,10000,19,悦芙媞
悦芙媞氨基酸洁面慕斯清洁温和不刺激泡沫洗面奶敏感肌控油男女,64,8000,64,悦芙媞
悦芙媞洁颜蜜氨基酸洗面奶深度清洁洗卸合一可卸防晒男女控油洁面,15,1000,294,悦芙媞
青少年洗面奶男孩儿童12岁以上祛痘膏青春期女生学生专用去痘控油,68,1000,294,御如颜
氨基酸慕斯洗面奶去黑头收缩毛孔控油祛痘美白深层清洁男女士专用,35,4000,132,茵倩
一叶子深层补水保湿洗面奶清洁泡沫酪梨洁面乳学生男女士官方旗舰,29,10000,19,一叶子
一叶子氨基酸洗面奶洁面乳温和深层清洁泡沫保湿控油男女敏肌官方,59,3000,165,一叶子
一叶子洗面奶深层清洁控油补水保湿收缩毛孔温和女学生男士专用,12,1000,294,一叶子
一叶子洗面奶控油补水舒缓温和保湿收缩毛孔洁面乳男女士专柜正品,10,1000,294,一叶子
青少年儿童洗面奶12岁以上祛痘控油青春期男孩女孩学生去痘专用,33,6000,91,药都仁和
雪玲妃小黑管氨基酸洗面奶卸妆二合一洁面乳深层清洁毛孔控油男女,79,10000,19,雪玲妃
雪玲妃白胖子洗面奶女控油深层清洁毛孔男温和保湿泡沫卸妆洁面乳,39,10000,19,雪玲妃
雪玲妃氨基酸洗面奶女敏感肌洁面乳控油保湿慕斯男士专用官方正品,49,5000,103,雪玲妃
雪玲妃氨基酸洗面奶女男士保湿温和深层清洁毛孔控油敏感肌洁面乳,49,2000,212,雪玲妃
雪玲妃氨基酸洗面奶男女士专用控油清洁雪妃玲官方旗舰店官网正品,34,2000,212,雪玲妃
美白祛斑洗面奶黄皮肤洁面乳男士女专用淡化色斑去黄气官方旗舰店,28,2000,212,修妍菲
【唐九洲同款】 小迷糊肌源洁颜蜜油皮氨基酸洗面奶深层清洁男女,62,7000,75,小迷糊
相宜本草男士洗面奶清爽洁面乳洁面膏保湿补水净肤120g专用,35,3000,165,相宜本草
泰国洗面奶去闭口神器粉刺袪黑头收毛孔控油清洁男女水杨酸洁面乳,158,1000,294,夏诗黎
溪木源山茶花氨基酸慕斯洗面奶男女敏感肌泡沫深层清洁洁净洗面奶,59,100000,1,溪木源
溪木源层孔菌控油洗面奶女敏感肌氨基酸深层清洁毛孔男士油皮洁面,69,20000,13,溪木源
溪木源男士洗面奶控油净澈深层清洁保湿男生洁面乳,99,10000,19,溪木源
溪木源山茶花氨基酸洁面慕斯洗面奶男女敏感肌温和深层清洁洁净,49,8000,64,溪木源
溪木源层孔菌油皮洁颜露敏感肌氨基酸洁面清洁毛孔男士控油洗面奶,69,4000,132,溪木源
溪木源山茶花氨基酸洗面奶洁面慕斯清洁毛孔控油保湿温和敏感肌,59,3000,165,溪木源
溪木源洗面奶氨基酸洁面敏感肌男女学生专用敏感肌温和官方旗舰店,37,3000,165,溪木源
稀物集松茸菌菇氨基酸洗面奶女不紧绷清洁去油保湿泡沫洁面乳男士,59,60000,4,稀物集
稀物集洗面奶女男士专用不刺激氨基酸洁面乳温和保湿清洁泡沫绵密,29,9000,60,稀物集
稀物集洗面奶女氨基酸男士清洁毛孔控油油皮官方旗舰店洁面希物集,29,2000,212,稀物集
稀物集洗面奶女氨基酸洁面乳男士专用清洁温和希物集官方旗舰正品,29,2000,212,稀物集
稀物集洗面奶女氨基酸男士清洁毛孔控油专用官方旗舰店洁面希物集,29,2000,212,稀物集
稀物集洗面奶女松茸菌菇温和不刺激氨基酸洗面乳毛孔洁面男旗舰店,54,1000,294,稀物集
毛孔干干净净！稀物集松茸菌菇氨基酸洁面乳温和不刺激清洁洗面奶,29,1000,294,稀物集
惜玥氨基酸柔滑洁面膏洗面奶温和深层清洁保湿滋润洁面乳,24,1000,294,惜玥
希芸洗面奶女男士深层清洁本草油皮毛孔泡沫洁面乳温和清爽型学生,9,70000,3,希芸
Syrinx/希芸洗面奶女男士沁透深层清洁温和氨基酸泡沫洁面乳100ml,19,5000,103,希芸
希芸洗面奶女男士滋润深层清洁油皮毛孔泡沫洁面乳温和美肤学生,19,2000,212,希芸
UNO吾诺 男士专用洗面奶控油保湿磨砂去黑头洁面,76,2000,212,吾诺
【自营】3支*UNO/吾诺男士洗面奶130g控油去角质保湿去黑头滋润,59,1000,294,吾诺
【自营】UNO/吾诺洗面奶男士深层去角质洁面乳清洁去黑头130g去油,24,1000,294,吾诺
未兰氨基酸洗面奶敏感肌泡沫洁面乳深层清洁毛孔温和保湿男女,49,3000,165,未兰
美白洗面奶氨基酸女男士专用清洁毛孔控油敏感肌温和洁面乳正品,58,1000,294,维特丝
薇诺娜舒缓保湿洁面泡沫 氨基酸洗面奶敏肌温和深层清洁慕斯男女,158,10000,19,薇诺娜
透真氨基酸洗面奶女男深层清洁毛孔温和卸妆美白补水保湿控油洁面,34,4000,132,透真
进口氨基酸洗面奶女男士专用控油祛痘美白除螨去黑头痘印收缩毛孔,149,2000,212,彤生泉
官方旗舰店官网丝塔芙小云朵洁面男女洗面奶乳洁面氨基酸表活泡泡,128,20000,13,丝塔芙
叶绿素氨基酸洗面奶乳深层清洁收缩毛孔控油洁面乳男女士专用正品,28,5000,103,水木花草
氨基酸美白洗面奶祛斑深层清洁毛孔控油女男士专用洁面乳官方正品,34,2000,212,水木花草
美白洗面奶女男士专用淡斑提亮肤色除螨控油深层清洁面乳正品官方,29,3000,165,水护嘉
CeraVe适乐肤SA水杨酸洁面236ml泡沫啫喱温和清洁氨基酸洗面奶,66,3000,165,适乐肤
上水和肌氨基酸洁面慕斯0皂基温和洗面奶泡沫深层清洁男女,29,10000,19,上水和肌
三生花控油清肌洁面奶控油不紧绷深层清洁男女士乳洗面官方正品,69,3000,165,三生花
氨基酸洗面奶深层清洁面乳去黑头收缩毛孔祛痘女男士专用官方正品,46,9000,60,儒意
氨基酸洗面奶祛痘除螨控油深层清洁收缩毛孔去黑头男女专用洁面乳,59,6000,91,儒意
氨基酸美白洗面奶控油除螨祛痘清洁收缩毛孔保湿洁颜蜜乳男女专用,54,4000,132,儒意
氨基酸慕斯洗面奶祛痘除螨虫控油深层清洁收缩毛孔男女专用洁面乳,44,3000,165,儒意
美白洗面奶保湿清洁收缩毛孔控油祛痘除螨氨基酸洁面乳女男士专用,52,2000,212,儒意
日本原装吾诺男士UNO 洗面奶去角质活炭控油保湿祛痘学生洁面乳,13,10000,19,日本吾诺
日本吾诺UNO男士洗面奶去角质去黑头祛痘控油清洁清爽学生洁面乳,14,8000,64,日本吾诺
仁和匠心洗面奶男士专用控油祛痘保湿去黑头洁面乳男正品官方旗舰,59,20000,13,仁和匠心
仁和匠心洗面奶男士专用女除螨控油清洁氨基酸洁面乳官方旗舰正品,24,10000,19,仁和匠心
仁和匠心洗面奶男士专用祛痘控油保湿洁面三件套美正品白护肤旗舰,68,5000,103,仁和匠心
仁和匠心美白洗面奶提亮去黄改善暗沉肤色斑女男士专用冬季洁面乳,59,4000,132,仁和匠心
仁和匠心氨基酸洗面奶男士专用除控油去黑头螨痘痘官方旗舰店正品,59,4000,132,仁和匠心
仁和匠心洗面奶除螨控油深层清洁氨基酸洁面乳男士女士150g,69,2000,212,仁和匠心
仁和匠心氨基酸洗面奶控油祛痘清洁收毛孔女男士专用旗舰店正品,69,2000,212,仁和匠心
仁和匠心洗面奶男士美白专用增白变白去油改善黄皮护肤品控油祛痘,49,2000,212,仁和匠心
仁和匠心洗面奶氨基酸除螨美白控油抗痘收缩毛孔女男士专用洁面乳,23,2000,212,仁和匠心
人仁和匠心男士洗面奶官方旗舰店正品药业专用除螨氨基酸洁面乳女,22,1000,294,仁和匠心
亲爱男友极光筋斗云男士氨基酸洗面奶洁面剃须泡沫啫喱须前洁净,49,2000,212,亲爱男友
珀莱雅氨基酸洗面奶深层清洁毛孔洁面乳泡沫女学生男士,79,10000,19,珀莱雅
珀莱雅水动力氨基酸洗面奶100g温和清洁毛孔控油保湿洁面学生男女,159,5000,103,珀莱雅
珀莱雅净柔舒润氨基酸洗面奶深层清洁毛孔洁面乳泡沫学生党女男士,114,4000,132,珀莱雅
【二代升级】泊本氨基酸温和净透洗面奶深层清洁男女控油敏感肌,55,2000,212,泊本
【拍2立减10】旁氏洗面奶米粹保湿温和清洁氨基酸系洁面正品男女,37,10000,19,旁氏
旁氏氨基酸洁面乳米粹洗面奶温和保湿深层清洁不紧绷学生正品男女,14,10000,19,旁氏
旁氏米粹润泽洁面乳氨基酸保湿泡沫泡泡玛特男女生洗面奶温和清洁,9,7000,75,旁氏
旁氏焕采净澈系列米粹润泽洁面乳150G洗面奶氨基酸温和控油泡沫女,13,2000,212,旁氏
ponds旁氏米粹洗面奶旁萃氨基酸洁面乳泡沫竹炭油皮学生男女120g,10,2000,212,旁氏
旁氏焕采净澈系列米粹润泽洁面乳120g*2米粹氨基酸泡沫洗面奶男女,14,1000,294,旁氏
旁氏米粹润泽洁面乳150g亮采净澈氨基酸保湿泡沫洗面奶温和清洁女,12,1000,294,旁氏
植物复合净颜洁面乳洗面奶肤色控油清洁洗面奶学生男女通用150ml,19,2000,212,欧妍梦
欧莱雅男士专用清洁毛孔控油磨砂去角质洗面奶去黑头护肤品洁面乳,38,30000,9,欧莱雅
欧莱雅男士专用洗面奶去黑头收缩毛孔清爽控油洁面乳清洁磨砂保湿,23,20000,13,欧莱雅
欧莱雅男士专用氨基酸洗面奶套装火山岩去黑头控油保湿男生洁面乳,149,10000,19,欧莱雅
欧莱雅男士专用洗面奶火山泥控油清痘深层清洁毛孔去黑头洁面乳男,38,10000,19,欧莱雅
欧莱雅男士洗面奶水能润泽双效洁面膏补水保湿清爽深层清洁正品,38,10000,19,欧莱雅
l'oreal欧莱雅男士专用火山岩泥洁面膏控油深层清洁毛孔洗面奶乳,9,10000,19,欧莱雅
欧莱雅男士水能保湿净油洁面啫喱50ml+水能润泽双效洁面膏50ml,40,9000,60,欧莱雅
欧莱雅洗面奶男士专用护肤控油炭爽去黑头痘印收缩毛孔磨砂洁面乳,18,7000,75,欧莱雅
欧莱雅男士控油炭爽去黑头洁面膏清洁洗面奶洁面乳官方正品,39,6000,91,欧莱雅
【顺手买一件派样】欧莱雅男士水能保湿控油洁面啫喱50ml,20,6000,91,欧莱雅
欧莱雅男士炭爽双效控油洁面膏深层清洁收缩毛孔洗面奶男士护肤,38,5000,103,欧莱雅
欧莱雅男士专用氨基酸洗面奶补水保湿控油洁面乳男护肤品官方正品,82,4000,132,欧莱雅
欧莱雅男士水能氨基酸高保湿洗面奶温和清洁男士专用洁面乳护肤品,82,3000,165,欧莱雅
欧莱雅男士护肤水能润泽双效洁面膏补水保湿洁面乳洗面奶清爽,39,3000,165,欧莱雅
欧莱雅男士洗面奶劲能深层净化洁面膏100ml 男士专用洁面官方正品,38,3000,165,欧莱雅
欧莱雅男士水能保湿补水控油洁面啫喱氨基酸型洗面奶男士专用护肤,38,3000,165,欧莱雅
【顺手买一件派样】氨基酸洗面奶补水保湿控油洁面乳,30,3000,165,欧莱雅
欧莱雅男士专用洗面奶水能保湿炭爽控油抗黑头净化毛孔洁面膏套装,117,2000,212,欧莱雅
欧莱雅男士黑魔力男士专用磨砂去黑头洗面奶深层清洁毛孔官方正品,59,2000,212,欧莱雅
欧莱雅男士控油洁面炭爽冰感去角质洁面膏100ml 男士护肤官方正品,38,2000,212,欧莱雅
欧莱雅洗面奶男士专用清洁控油磨砂抗黑头洁面膏控油洗面奶男,36,2000,212,欧莱雅
欧莱雅男士专用洗面奶水能润泽双效洁面膏补水保湿洁面乳官方正品,35,2000,212,欧莱雅
欧莱雅男士洁面乳男士专用温和清洁毛孔紧致水润洗面奶男官方正品,115,1000,294,欧莱雅
欧莱雅男士专用氨基酸洗面奶补水保湿控油洁面乳护肤品男官方正品,59,1000,294,欧莱雅
欧莱雅男士洗面奶 炭爽控油净亮去角质洁面膏100ml 洁净亮肤,38,1000,294,欧莱雅
欧莱雅男士洗面奶男火山岩控油抗痘黑头深层清洁学生正品专卖官网,19,1000,294,欧莱雅
妮维雅洗面奶男士深澈洁净控油补水保湿护肤品清洁细致毛孔洁面乳,44,10000,19,妮维雅
妮维雅男士洗面奶控油焕泽耀肤洁面乳深层清洁毛孔保湿肌肤200g,69,5000,103,妮维雅
妮维雅男士洗面奶专用控油祛痘深层清洁洁面乳正品官方旗舰店官网,29,5000,103,妮维雅
【圣诞礼物】妮维雅男士专用控油冰极精华洁面液脸部清洁洗面奶,38,4000,132,妮维雅
妮维雅男士洗面奶装组合去油控油保湿深层清洁洁面,49,2000,212,妮维雅
妮维雅男士Deep控油细致毛孔洁面乳控油水深层清洁毛孔洗面奶150g,39,2000,212,妮维雅
妮维雅男士净油精华抗痘洁面乳深层清洁毛孔清爽抗痘洗面奶150ml,45,1000,294,妮维雅
儿童洗面奶官方旗舰店正品3-9-12岁以上青少年男童女孩祛痘去黑头,26,2000,212,南京同仁堂
目颜积雪草洗面奶女净颜保湿氨基酸泡沫男士洁面乳官方正品旗舰店,69,1000,294,目颜
米云男士洗面奶净油除螨清洁专用护肤氨基酸洁面乳正品官方旗舰店,79,7000,75,米云
美其肤山茶花油氨基酸洗面奶温和深层清洁男女适用洁面乳官方正品,19,2000,212,美其肤
曼秀雷敦男士洗面奶专用控油祛痘洁面乳洗脸去油去黑头旗舰店正品,31,10000,19,曼秀雷敦
曼秀雷敦抗痘控油男士专用洗面奶洁面淡化痘印改善痘肌油光,31,10000,19,曼秀雷敦
曼秀雷敦男士专用洗面奶保湿活力洁面乳氨基酸洗面奶温和洁净无皂,31,7000,75,曼秀雷敦
曼秀雷敦男士专用冰爽活炭洗面奶控油洁面乳冰感洁净清爽润肤,31,5000,103,曼秀雷敦
曼秀雷敦洗面奶男士专用控油祛痘去黑头男生洁面乳旗舰店官方正品,31,3000,165,曼秀雷敦
曼秀雷敦男士专用氨基酸洗面奶控油祛痘洁面乳洗脸旗舰店官方正品,31,3000,165,曼秀雷敦
曼秀雷敦男士专用洗面奶控油祛痘磨砂去黑头洁面乳旗舰店官方正品,59,2000,212,曼秀雷敦
水杨酸洗面奶收缩毛孔抗去黑头痘深层清洁螨除控油印痘祛男女通用,79,2000,212,绿漾
美白祛斑氨基酸洗面奶改善黄皮肤深层清洁毛孔控油男女专用洁面乳,158,1000,294,绿漾
露得清水杨酸洗面奶男女学生夏季清洁氨基酸清洁毛孔洁面乳100g,39,3000,165,露得清
【吴昕同款】柳丝木洗面奶黑茶氨基酸洁颜蜜男女清洁毛孔控油学生,45,10000,19,柳丝木
柳丝木洗面奶黑茶氨基酸洁颜蜜男女温和深层清洁控油学生洁面乳霜,45,3000,165,柳丝木
【聚划算】凌博士洗面奶女男清洁补水保湿氨基酸洁面温和敏感肌,38,2000,212,凌博士
理然洗面奶男士专用控油去黑头氨基酸温和洁面乳补水保湿护肤套装,69,8000,64,理然
理肤泉特安洁面洗面奶敏感肌洁面补水保湿清洁去油温和男女,215,10000,19,理肤泉
理肤泉油皮洁面泡沫水杨酸去油洗面奶清洁毛孔绵密学生男女,185,4000,132,理肤泉
【现货速达】LAB朗仕男洗面奶多功能洁面乳清洁净透清爽温和,230,5000,103,朗仕
李医生蓝胖子氨基酸表活洗面奶男女深层清洁积雪草泡沫洁面乳慕斯,49,2000,212,蓝胖子
孔凤春马齿苋氨基酸表活洁面慕斯泡沫洗面奶温和清洁保湿清爽男女,29,6000,91,孔凤春
科颜氏高保湿洁面啫喱洗面奶男女深层清洁温和,225,4000,132,科颜氏
[圣诞礼物]科颜氏男士活力洗面奶洁面啫喱控油保湿清洁毛孔,270,2000,212,科颜氏
【冬日礼遇】curel珂润洗面奶男女保湿洁面泡沫150ml*2敏感肌,193,10000,19,珂润
Curel/珂润洁面泡沫氨基酸洗面奶敏感肌男女保湿温和清洁150ml,108,8000,64,珂润
【冬日礼遇】珂润洗面奶保湿洁面泡沫150ml男女敏感肌,108,8000,64,珂润
【百亿补贴】Curel珂润氨基酸洗面奶保湿洁面泡沫男女敏感肌150ml,79,4000,132,珂润
珂润洗面奶女Curel 氨基酸泡沫洁面乳敏感肌干皮温和保湿男士专用,54,2000,212,珂润
日本Curel珂润洗面奶 氨基酸温和泡沫洁面深层清洁 敏感肌男女,42,2000,212,珂润
华熙生物珂岸大豆氨基酸洗面奶男士专用洁面慕斯保湿补水清洁护肤,79,5000,103,珂岸
爵威尔男士洗面奶控油驱螨虫清洁氨基酸洁面乳男士专用官方旗舰店,68,5000,103,爵威尔
火山泥洗面奶男士专用控油祛痘深层清洁黑头旗舰店官方正品洁面乳,39,7000,75,洁芙泉
杰威尔男士专用洗面奶控油去黑头磨砂泡沫洁面乳温和夏季清洁毛孔,29,1000,294,杰威尔
娇润泉洗面奶氨基酸洁面乳女男士专用敏感肌正品官方旗舰店小杨哥,39,60000,4,娇润泉
小杨臻选小杨哥七老板娇润泉氨基酸洗面奶男洗面乳官方旗舰店正品,36,10000,19,娇润泉
娇润泉洗面奶臻颜透润氨基酸舒缓控油100g洁面乳男女士清洁毛孔,60,2000,212,娇润泉
娇润泉洗面奶氨基酸女男士专用洁面乳温和清洁官方旗舰店小杨哥,35,2000,212,娇润泉
娇润泉洗面奶男女氨基酸深层清洁毛孔专用洁面乳官方旗舰店小杨哥,14,2000,212,娇润泉
极男男士洗面奶控油专用氨基酸洁面乳去黑头保湿去油护肤品套装,69,9000,60,极男
肌肤未来氨基酸洁面乳深层清洁泡沫清爽洗面奶不紧绷男女士冬春季,56,2000,212,肌肤未来
花印含氨基酸洗面奶女男补水保湿深层清洁毛孔进口水漾洁净洁面乳,79,3000,165,花印
花印山茶花氨基酸洗面奶女温和深层清洁毛孔控油水杨酸洁面乳男士,65,2000,212,花印
花印氨基酸洗面奶男女士补水保湿深层清洁毛孔泡沫进口水漾洁面乳,39,2000,212,花印
红之小亲净洁面乳控油氨基酸洗面奶男女学生深层清洁毛孔温和舒缓,89,10000,19,红之
红之小亲净氨基酸洗面奶温和控油净透洁面不刺激官方正品男女生,89,5000,103,红之
红之小白泥洗面膏深层清洁毛孔控油洁面乳温和氨基酸洗面奶女士男,79,1000,294,红之
赫丽尔斯氨基酸洁颜蜜洗面奶深层清洁温和控油保湿敏感肌洁面男女,179,2000,212,赫丽尔斯
赫恩洗面奶男士专用氨基酸控油美白淡化痘印净螨护肤品洁面乳套装,69,6000,91,赫恩
HN荷诺氨基酸益生菌洁颜霜120g弱酸性洁面清洁洗面奶净润学生男女,89,1000,294,荷诺
和风雨美白洗面奶男士专用控油祛斑祛痘黑头男生洁面除螨虫护肤品,69,2000,212,和风雨
韩国whoo后洗面奶正品女拱辰享水妍津率享君深层清洁温和补水洁面,85,5000,103,韩国whoo后
氨基酸美白洗面奶祛斑深层清洁毛孔控油洁面乳女男士专用官方正品,48,8000,64,韩方五谷
氨基酸除螨洗面奶深层清洁毛孔女男士控油保湿美白洁面乳官方正品,28,2000,212,韩方五谷
海洋至尊男士洗面奶控油去黑头补水美白洁面乳官方正品深层清洁,79,7000,75,海洋至尊
海洋至尊洗面奶男士专用除螨控油去黑头深层清洁氨基酸洁面乳ZSEA,59,6000,91,海洋至尊
谷雨氨基酸表活洗面奶深层清洁温和洁面干皮补水泡沫慕斯刷头男女,79,10000,19,谷雨
谷雨氨基酸表活洁面乳深层清洁毛孔温和补水不刺激洗面奶男女泡沫,89,5000,103,谷雨
高夫火山泥控油洗面奶男生保湿洁面深层清洁清爽滋润专护肤品120g,58,3000,165,高夫
高夫竹炭净源控油泡沫洁面乳男士洗面奶清洁保湿官网,35,3000,165,高夫
梵之花水感精华洁颜蜜3.0代干皮专用氨基酸洗面奶敏感男女洁面乳,49,4000,132,梵之花
【第3代】多芬氨基酸洗面奶男女洁面泡泡洁面160ml+替换装,74,8000,64,多芬
Dove多芬氨基酸洗面奶女男士专用清洁洁面泡沫洁面乳泡泡 160ml*2,79,6000,91,多芬
Dove多芬氨基酸洗面奶女男士深层清洁泡沫洁面乳160ml补充装140ml,89,5000,103,多芬
多芬氨基酸洗面奶洁面乳慕斯泡沫女清洁毛孔控油男正品官方旗舰店,31,3000,165,多芬
2023年Dove多芬洁面泡泡慕斯润泽水嫩160ml氨基酸洗面奶保湿男女,25,1000,294,多芬
德妃紫苏洗面奶男女氨基酸清洁保湿控油舒缓温和旗舰店正品洁面,89,50000,6,德妃
德妃紫苏洗面奶女氨基酸温和清洁毛孔男士敏感肌油皮洁面官方正品,89,10000,19,德妃
AKF紫苏洗面奶氨基酸女深层清洁收缩毛孔控油祛痘油皮洁面美白男,39,10000,19,德妃
德妃紫苏洗面奶男女氨基酸清洁保湿控油舒缓旗舰店正品洁面两支装,158,5000,103,德妃
程十安的店德妃紫苏洗面奶洁面乳女男士氨基酸清洁毛孔油干皮控油,79,3000,165,德妃
德妃紫苏洗面奶女氨基酸深层清洁毛孔男士洁面乳官方旗舰店正品菲,79,1000,294,德妃
黛优佳氨基酸洗面奶女男士控油洁面学生保湿清洁,69,10000,19,黛优佳
大宝美容洗面奶洁面温和清洁补水保湿男女洗面乳保湿洁面乳大容量,27,6000,91,大宝
大宝官方旗舰店男士专用控油洗面奶清爽洁面补水保湿官网正品,29,4000,132,大宝
大宝保湿舒缓洗面奶男女士维他命B5氨基酸洁面乳温和可卸防晒正品,44,2000,212,大宝
大宝洗面奶女清洁毛孔控油男士专用保湿泡沫洁面乳海藻学生氨基酸,14,1000,294,大宝
达肤妍氨基酸洗面奶女男士专用深层清洁泡沫洁面乳正品官方旗舰店,79,1000,294,达肤妍
山茶花氨基酸泡沫洗面奶深层清洁收缩毛孔保湿男女专用温和洁面乳,16,10000,19,初蔓
程十安的店C咖洗面奶氨基酸双管洁面乳深层清洁毛孔控油祛痘女男,59,1000,294,程十
城野医生氨基酸洁面乳竹炭深层清洁控油细致毛孔温和洗面奶男女,139,2000,212,城野医生
布兰朵多重氨基酸洗面奶卸妆二合一洁面乳深层清洁毛孔控油男女,69,7000,75,布兰朵
洗面奶男士专用美白控油除螨保湿套装洁面乳旗舰店官方正品护肤品,59,2000,212,布兰朵
冰溪氨基酸温和洁面乳80g泡沫洗面奶温和清洁净透毛孔男女,128,1000,294,冰溪
【顺丰速运】碧欧泉男士旗舰店正品水动力洗面奶清洁控油,285,5000,103,碧欧泉
毕生之研氨基酸白泥洗面奶洁面乳APG油皮温和清洁卸妆保湿男士女,89,2000,212,毕生之研
半亩花田氨基酸慕斯洗面奶洁面乳泡沫敏感肌清洁黑头保湿控油男女,49,80000,2,半亩花田
半亩花田氨基酸洗面奶洁面乳泡沫深层清洁毛孔控油保湿补水男女士,39,10000,19,半亩花田
半亩花田氨基酸洗面奶女旗舰店正品泡沫洁面乳慕斯清洁控油学生男,26,7000,75,半亩花田
半亩花田洗面奶氨基酸温和洁面乳控油泡沫深层清洁毛孔保湿男女士,39,5000,103,半亩花田
半亩花田洗面奶氨基酸洁面慕斯女清洁毛孔控油洗面奶男士洁面乳,18,4000,132,半亩花田
半亩花田洗面奶氨基酸女男士清洁毛孔控油去祛痘敏感肌泡沫洁面乳,18,3000,165,半亩花田
半亩花田洗面奶氨基酸慕斯控油补水泡沫深层清洁洁面乳敏感肌男女,99,2000,212,半亩花田
半亩花田洗面奶氨基酸洁面慕斯米泡沫清洁控油女敏感肌男官方正品,18,2000,212,半亩花田
半亩花田洗面奶慕斯泡沫氨基酸清洁控油净痘男士女洁面乳旗舰正品,21,1000,294,半亩花田
百雀羚洗面奶氨基酸保湿亮采洁面膏泡沫补水清洁黑头男女专用正品,30,7000,75,百雀羚
百雀羚洗面奶男士净衡补水保湿洁面乳清洁锁水控油洗面奶官网正品,49,3000,165,百雀羚
百雀羚洗面奶女男深层清洁收缩毛孔氨基酸专用官方旗舰店官网正品,29,3000,165,百雀羚
百雀羚男士专用控油磨砂洁面膏140g洗面奶深层清洁旗舰店官方正品,19,3000,165,百雀羚
豆豆 芭贝拉洗面奶女深层清洁舒缓氨基酸洗面奶男巴贝拉洁面120g,35,4000,132,芭贝拉
巴贝拉洗面奶氨基酸女男士专用温和深层清洁毛孔控油洁面乳芭贝拉,35,4000,132,芭贝拉
程十安的店芭贝拉洗面奶温和清洁毛孔氨基酸舒缓男女巴贝拉洁面乳,35,3000,165,芭贝拉
芭贝拉氨基酸洗面奶温和清洁毛孔保湿男女巴贝拉洁面乳官方旗舰店,54,2000,212,芭贝拉
DR.ALVA/瑷尔博士洁颜蜜氨基酸洗面奶男女清洁控油洁面乳120ml1瓶,128,10000,19,瑷尔博士
瑷尔博士洗面奶氨基酸洁颜蜜男士女洁面爱尔艾尔博士旗舰店官方,52,10000,19,瑷尔博士
瑷尔博士洁颜蜜洗面奶氨基酸控油清洁毛孔艾尔爱尔博士洁面乳男女,52,8000,64,瑷尔博士
DR.ALVA/瑷尔博士洁颜蜜洗面奶男女深层清洁学生洁面乳120ml*2瓶,136,3000,165,瑷尔博士
瑷尔博士酵萃洁面乳霜女男氨基酸深层清洁平衡水油敏感肌洗面奶,128,2000,212,瑷尔博士
瑷尔博士洁颜蜜氨基酸洗面奶毛孔清洁温和爱尔艾尔控油洁面乳男女,52,1000,294,瑷尔博士
氨基酸美白洗面奶男士专用女深层清洁收缩毛孔温和洁面乳正品官方,29,2000,212,爱兰歌娜
艾芭薇青少年洗面奶12岁以上祛痘控油青春期护肤品男女孩学生专用,54,2000,212,艾芭薇
阿芙精油高保湿氨基酸洗面奶洁面乳以油溶油清洁补水女男士,59,2000,212,阿芙
Za姬芮洁面膏高岭土海盐洗面奶100g油皮控油深层清洁温和保湿男女,39,1000,294,Za姬芮
VT老虎洗面奶女男士氨基酸温和深层清洁秋冬女控油正品官方旗舰店,54,10000,19,VT老虎
VT老虎洗面奶女温和清洁毛孔男士氨基酸洁面乳保湿不易拔干旗舰店,64,7000,75,VT老虎
VT老虎洗面奶女士氨基酸洁面热销榜清洁毛孔收缩控油美白专用男士,59,3000,165,VT老虎
VT洗面奶300ml大容量保湿女老虎洗面奶1支温和清洁油痘肌男士,79,1000,294,VT老虎
韩国VIDIVICI女神洗面奶氨基酸泡沫控油深层清洁毛孔温和男女专用,58,3000,165,VIDIVICI
韩国VIDIVICI女神洗面奶氨基酸泡控油深层清洁毛孔温和男女士专用,68,2000,212,VIDIVICI
unny氨基酸洗面奶洁面乳清洁毛孔油皮水杨酸女男士敏感肌官方旗舰,25,7000,75,unny
unny氨基酸洗面奶洁面乳温和清洁毛孔控油祛痘女男士专用官方旗舰,25,2000,212,unny
菲诗小铺每日草本泡沫洗面奶洁面膏深层柔和清洁男女旗舰店官网,26,2000,212,The Face Shop
SENKA珊珂洗面奶蚕丝保湿泡沫洁面膏男女清洁学生洁面乳洗颜专科,78,4000,132,SENKA珊珂
【2件7折】SENKA珊珂洗面奶洗颜专科官方正品蚕丝泡沫洁面乳男女,41,2000,212,SENKA珊珂
RNW氨基酸洗面奶官方旗舰店女男深层清洁毛孔温和洁面慕斯官网,64,10000,19,RNW
RNW洗面奶女男士专用氨基酸洁面乳膏控油清洁泡沫旗舰店官方正品,49,4000,132,RNW
RNW洗面奶男士专用控油保湿除螨虫旗舰店官方正品洁面乳女,49,3000,165,RNW
程十安的店RNW洗面奶自发泡氨基酸清洁毛孔控油女男士慕斯洁面乳,54,2000,212,RNW
RNW洗面奶氨基酸女男士专用洁面乳正品官方旗舰店控油泡沫慕斯,49,2000,212,RNW
Rellet颐莲氨基酸洗面奶洁面保湿清洁温和清爽不刺激男女学生1971,15,3000,165,Rellet颐莲
ProBio-YRF氨基酸洁面乳泡沫细腻清爽深沉清洁99g洗面奶男女可用,68,7000,75,ProBioYRF
PMPM白松露氨基酸洁颜蜜洗面奶深层清洁卸淡妆洁面控油学生男女,99,3000,165,PMPM
PMPM海茴香洁面乳洁面膏氨基酸洗面奶男女学生温和保湿敏感肌100g,69,1000,294,PMPM
医美氨基酸祛痘洗面奶深层清洁毛孔非除螨虫控油女男士专用洁面乳,68,7000,75,orginese
水杨酸氨基酸洗面奶深层清洁控油非祛痘收缩毛孔女男士正品洁面乳,65,6000,91,orginese
紫苏氨基酸控油洗面奶深层清洁毛孔非祛痘肌泡沫女男士专用洁面乳,36,5000,103,orginese
美白氨基酸洗面奶乳深层清洁收缩毛孔控油去黄痘印提亮女男士专用,59,4000,132,orginese
氨基酸洗面奶乳去黑头收缩毛孔控油非美白祛痘深层清洁女男士专用,39,4000,132,orginese
OLAY玉兰油30氨基酸表活洁面乳洗面奶专用男女清洁毛孔清洁温和,119,10000,19,OLAY
OLAY玉兰油多效洗面奶洁面乳官方正品深入清洁保湿男女,65,2000,212,OLAY
oiu男士洗面奶清爽控油深层温和清洁毛孔净痘专用官方正品洁面乳,79,2000,212,oiu
NING氨基酸洗面奶深层清洁控油祛痘去黑头收缩毛孔男女专用洁面乳,109,4000,132,NING
满婷氨基酸洗面奶女控油温和保湿深层清洁毛孔男士油皮洁面乳,69,1000,294,manting满婷
洗面奶男士专用控油祛痘除螨虫美白去黑头补水保湿洁面护肤品套装,69,3000,165,manfriend
lzq虾青素洗面奶 氨基酸清洁去油净肤洁面乳男士女官方旗舰店lzp,59,4000,132,lzq
LBR氨基酸洗面奶控油清洁面部毛孔洁面乳清爽不假滑男女学生120g,89,3000,165,LBR
LAN兰氨基酸洗面奶温和深层清洁毛孔可卸防晒男女士洁面乳正品,99,2000,212,LAN
KIMTRUE且初洗面奶女男土豆泥温和控油敏感肌冰淇淋氨基酸洁面乳,56,10000,19,KIMTRUE且初
KIMTRUE且初氨基酸洗面奶女男温和清洁土豆泥冰淇淋控油洁面乳,108,3000,165,KIMTRUE且初
KIMTRUE且初氨基酸洗面奶女男深层清洁补水保湿温和洁面乳学生KT,69,2000,212,KIMTRUE且初
hfp洗面奶氨基酸净润洁面乳深层清洁毛孔专用官方旗舰男女,149,6000,91,HomeFacialPro
hfp氨基酸果酸洁面液洗面奶深层清洁毛孔控油男女去黑头闭口卸妆,109,3000,165,HomeFacialPro
韩国氨基酸洗面奶祛痘控油美白除螨去黑头清洁收缩毛孔女男士专用,168,2000,212,homa
紫苏氨基酸洗面奶控油深层清洁毛孔女男士用洁面乳正品官方旗舰店,29,1000,294,gnmn
GA果酸氨基酸洗面奶2支装男士专用清爽净肤控油官方旗舰店正品ag,108,5000,103,GA
GA果酸氨基酸洗面奶男士专用深层清洁清爽控油官方旗舰店正品ag,68,5000,103,GA
freeplus芙丽芳丝氨基酸系洗面霜奶男女士温润洁面100g官方,160,50000,6,freeplus芙丽芳丝
Freeplus/芙丽芳丝清洁氨基酸系洗面奶洁面乳100g男女用,83,30000,9,freeplus芙丽芳丝
freeplus芙丽芳丝氨基酸系洗面奶男女士温润洁面150g官方,210,10000,19,freeplus芙丽芳丝
Freeplus/芙丽芳丝洗面奶氨基酸系温和100g男女深层洁面,119,6000,91,freeplus芙丽芳丝
freeplus芙丽芳丝洗面奶氨基酸系温润男女士洁面官方100g正品,160,5000,103,freeplus芙丽芳丝
freeplus芙丽芳丝氨基酸系洗面奶男女士温润洁面150g*2官方,199,4000,132,freeplus芙丽芳丝
日本freeplus芙丽芳丝氨基酸洗面奶100g敏感肌深层温和清洁泡沫洁面乳霜男女通用,29,3000,165,freeplus芙丽芳丝
Freeplus/芙丽芳丝舒柔洁面泡沫氨基酸洗面奶150ml洁面慕斯男女,75,2000,212,freeplus芙丽芳丝
FRANGI芙蓉肌氨基酸表活洗面奶温和清洁男女,59,20000,13,frangi
肤漾油皮氨基酸洗面奶官方温和洁面慕斯深层清洁毛孔泡沫女生男士,69,2000,212,foryon肤漾
Elta MD安妍科氨基酸洗面奶温和清洁毛孔补水深层洁面乳深层清洁,258,8000,64,Elta MD
EITIKO一氪氨基酸洗面奶洁颜蜜敏感肌深层清洁控油洗卸二合一男女,79,1000,294,eitiko
氨基酸洗面奶深层清洁毛孔油皮控油去油黑头祛痘专用女男士洁面乳,49,1000,294,drogistplein
DRAR叶绿素氨基酸洗面奶洁面乳去黑头收缩毛孔温和泡沫男女旗舰店,39,3000,165,DRAR
DPU氨基酸洗面奶洁面乳专用洁面深层清洁收缩毛孔保湿控油男女,59,10000,19,DPU
DPU洗面奶洁面乳氨基酸女自发泡男秋冬女温和清洁控油官方旗舰店,49,2000,212,DPU
C咖氨基酸双管洗面奶控油油皮洁面乳清洁毛孔男女官方旗舰店正品,69,50000,6,C咖
C咖胶态硫控油净痘氨基酸双管洗面奶清洁祛痘肌油皮洁面乳女男士,69,7000,75,C咖
C咖氨基酸双管洗面奶油皮洁面乳温和深层清洁男女士专用套装正品,189,5000,103,C咖
C咖洗面奶双管氨基酸洁面乳混油保湿温和清洁毛孔控油男士专用女,59,3000,165,C咖
C咖清净氨基酸洁面泡沫洗面奶男女温和深层清洁慕斯洁面乳去黑头,69,2000,212,C咖
C咖氨基酸双管洗面奶控油补水温和卸妆洁面乳80g,69,1000,294,C咖
BUV乳糖酸祛痘洗面奶深层清洁毛孔控油女士洁面乳官方正品旗舰店,39,3000,165,buv
BST乳糖酸洗面奶去黑头粉刺收缩毛孔祛痘控油深层清洁男女旗舰店,29,5000,103,BST
博乐达水杨酸氨基酸洗面奶女男去痘黑头控油泡沫清洁毛孔洁面慕斯,179,1000,294,broda博乐达
泰国牛奶洗面奶女士美白专用清洁收缩毛孔温和氨基酸控油洁面乳男,54,4000,132,BeautyBuffet
泰国牛奶洗面奶 正品beauty buffet 美丽蓓菲q10男女士温净氨基酸,29,2000,212,BeautyBuffet
AOEO山茶花氨基酸洗面奶深层清洁毛孔温和不刺激敏感肌男女官方,79,20000,13,AOEO
AOEO山茶花氨基酸洗面奶男女深层清洁毛孔温和不刺激洁面男女官方,79,4000,132,AOEO
AOEO山茶花慕斯洗面奶氨基酸深层清洁毛孔温和不刺激男女官方正品,89,2000,212,AOEO
AKF洗面奶紫苏氨基酸女敏感肌深层清洁温和控油男士洁面正品官方,39,4000,132,AKF
AKF紫苏洗面奶氨基酸女深层清洁收缩毛孔学生温和男士洁面乳,59,2000,212,AKF
akf洗面奶紫苏女氨基酸深层清洁温和男保湿洁面乳官方旗舰店正品,34,1000,294,AKF
【自营】AHC男士洗面奶180ml秋冬洁面乳清洁去黑头控油男生专用,60,10000,19,AHC
【自营】AHC B5玻尿酸洗面奶女180ml深层清洁毛孔温和保湿洁面男,62,5000,103,AHC
韩国AHC洗面奶男士专用洁面乳膏控油男生水乳套装护肤品官方正品,55,4000,132,AHC
AHC小神仙洗面奶深层温和清洁保湿面部男女护肤官方旗舰店正品,84,3000,165,AHC
AHC官方旗舰店男士洗面奶深层清洁温和洁面保湿舒缓清爽护肤180ml,89,2000,212,AHC
943/934官方旗舰店氨基酸洗面奶云感洁面乳清洁敏感肌温和男女用,39,4000,132,943
